condition,D_0__Archaea;D_1__Euryarchaeota;D_2__Methanobacteria;D_3__Methanobacteriales;D_4__Methanobacteriaceae;D_5__Methanobrevibacter,D_0__Archaea;D_1__Euryarchaeota;D_2__Methanobacteria;D_3__Methanobacteriales;D_4__Methanobacteriaceae;D_5__Methanosphaera,D_0__Archaea;D_1__Euryarchaeota;D_2__Thermoplasmata;D_3__Methanomassiliicoccales;D_4__Methanomethylophilaceae;D_5__Candidatus Methanogranum,D_0__Archaea;D_1__Euryarchaeota;D_2__Thermoplasmata;D_3__Methanomassiliicoccales;D_4__Methanomethylophilaceae;D_5__uncultured,D_0__Bacteria;D_1__Actinobacteria;D_2__Actinobacteria;D_3__Actinomycetales;D_4__Actinomycetaceae;D_5__Actinomyces,D_0__Bacteria;D_1__Actinobacteria;D_2__Actinobacteria;D_3__Bifidobacteriales;D_4__Bifidobacteriaceae;D_5__Bifidobacterium,D_0__Bacteria;D_1__Actinobacteria;D_2__Coriobacteriia;D_3__Coriobacteriales;D_4__Atopobiaceae;D_5__Olsenella,D_0__Bacteria;D_1__Actinobacteria;D_2__Coriobacteriia;D_3__Coriobacteriales;D_4__Coriobacteriaceae;D_5__Collinsella,D_0__Bacteria;D_1__Actinobacteria;D_2__Coriobacteriia;D_3__Coriobacteriales;D_4__Coriobacteriales Incertae Sedis;D_5__uncultured,D_0__Bacteria;D_1__Actinobacteria;D_2__Coriobacteriia;D_3__Coriobacteriales;D_4__Eggerthellaceae;D_5__Enterorhabdus,D_0__Bacteria;D_1__Actinobacteria;D_2__Coriobacteriia;D_3__Coriobacteriales;D_4__Eggerthellaceae;D_5__Parvibacter,D_0__Bacteria;D_1__Actinobacteria;D_2__Coriobacteriia;D_3__Coriobacteriales;D_4__Eggerthellaceae;D_5__Senegalimassilia,D_0__Bacteria;D_1__Actinobacteria;D_2__Coriobacteriia;D_3__Coriobacteriales;D_4__Eggerthellaceae;D_5__Slackia,D_0__Bacteria;D_1__Actinobacteria;D_2__Coriobacteriia;D_3__Coriobacteriales;D_4__Eggerthellaceae;D_5__uncultured,D_0__Bacteria;D_1__Actinobacteria;D_2__Coriobacteriia;D_3__Coriobacteriales;D_4__Eggerthellaceae;__,D_0__Bacteria;D_1__Actinobacteria;D_2__Coriobacteriia;D_3__Coriobacteriales;D_4__uncultured;D_5__uncultured bacterium,D_0__Bacteria;D_1__Bacteroidetes;D_2__Bacteroidia;D_3__Bacteroidales;D_4__Bacteroidaceae;D_5__Bacteroides,D_0__Bacteria;D_1__Bacteroidetes;D_2__Bacteroidia;D_3__Bacteroidales;D_4__Barnesiellaceae;D_5__Barnesiella,D_0__Bacteria;D_1__Bacteroidetes;D_2__Bacteroidia;D_3__Bacteroidales;D_4__Barnesiellaceae;D_5__Coprobacter,D_0__Bacteria;D_1__Bacteroidetes;D_2__Bacteroidia;D_3__Bacteroidales;D_4__Barnesiellaceae;D_5__uncultured,D_0__Bacteria;D_1__Bacteroidetes;D_2__Bacteroidia;D_3__Bacteroidales;D_4__Marinifilaceae;D_5__Butyricimonas,D_0__Bacteria;D_1__Bacteroidetes;D_2__Bacteroidia;D_3__Bacteroidales;D_4__Marinifilaceae;D_5__Odoribacter,D_0__Bacteria;D_1__Bacteroidetes;D_2__Bacteroidia;D_3__Bacteroidales;D_4__Marinifilaceae;D_5__Sanguibacteroides,D_0__Bacteria;D_1__Bacteroidetes;D_2__Bacteroidia;D_3__Bacteroidales;D_4__Muribaculaceae;D_5__CAG-873,D_0__Bacteria;D_1__Bacteroidetes;D_2__Bacteroidia;D_3__Bacteroidales;D_4__Muribaculaceae;D_5__Muribaculum,D_0__Bacteria;D_1__Bacteroidetes;D_2__Bacteroidia;D_3__Bacteroidales;D_4__Muribaculaceae;D_5__gut metagenome,D_0__Bacteria;D_1__Bacteroidetes;D_2__Bacteroidia;D_3__Bacteroidales;D_4__Muribaculaceae;D_5__uncultured Porphyromonadaceae bacterium,D_0__Bacteria;D_1__Bacteroidetes;D_2__Bacteroidia;D_3__Bacteroidales;D_4__Muribaculaceae;D_5__uncultured bacterium,D_0__Bacteria;D_1__Bacteroidetes;D_2__Bacteroidia;D_3__Bacteroidales;D_4__Muribaculaceae;__,D_0__Bacteria;D_1__Bacteroidetes;D_2__Bacteroidia;D_3__Bacteroidales;D_4__Prevotellaceae;D_5__Alloprevotella,D_0__Bacteria;D_1__Bacteroidetes;D_2__Bacteroidia;D_3__Bacteroidales;D_4__Prevotellaceae;D_5__Paraprevotella,D_0__Bacteria;D_1__Bacteroidetes;D_2__Bacteroidia;D_3__Bacteroidales;D_4__Prevotellaceae;D_5__Prevotella 2,D_0__Bacteria;D_1__Bacteroidetes;D_2__Bacteroidia;D_3__Bacteroidales;D_4__Prevotellaceae;D_5__Prevotella 7,D_0__Bacteria;D_1__Bacteroidetes;D_2__Bacteroidia;D_3__Bacteroidales;D_4__Prevotellaceae;D_5__Prevotella 9,D_0__Bacteria;D_1__Bacteroidetes;D_2__Bacteroidia;D_3__Bacteroidales;D_4__Prevotellaceae;D_5__Prevotellaceae NK3B31 group,D_0__Bacteria;D_1__Bacteroidetes;D_2__Bacteroidia;D_3__Bacteroidales;D_4__Prevotellaceae;D_5__Prevotellaceae UCG-004,D_0__Bacteria;D_1__Bacteroidetes;D_2__Bacteroidia;D_3__Bacteroidales;D_4__Prevotellaceae;D_5__uncultured,D_0__Bacteria;D_1__Bacteroidetes;D_2__Bacteroidia;D_3__Bacteroidales;D_4__Prevotellaceae;__,D_0__Bacteria;D_1__Bacteroidetes;D_2__Bacteroidia;D_3__Bacteroidales;D_4__Rikenellaceae;D_5__Alistipes,D_0__Bacteria;D_1__Bacteroidetes;D_2__Bacteroidia;D_3__Bacteroidales;D_4__Rikenellaceae;D_5__Rikenella,D_0__Bacteria;D_1__Bacteroidetes;D_2__Bacteroidia;D_3__Bacteroidales;D_4__Rikenellaceae;D_5__Rikenellaceae RC9 gut group,D_0__Bacteria;D_1__Bacteroidetes;D_2__Bacteroidia;D_3__Bacteroidales;D_4__Rikenellaceae;D_5__dgA-11 gut group,D_0__Bacteria;D_1__Bacteroidetes;D_2__Bacteroidia;D_3__Bacteroidales;D_4__Tannerellaceae;D_5__Parabacteroides,D_0__Bacteria;D_1__Bacteroidetes;D_2__Bacteroidia;D_3__Bacteroidales;D_4__uncultured;D_5__gut metagenome,D_0__Bacteria;D_1__Bacteroidetes;D_2__Bacteroidia;D_3__Bacteroidales;D_4__uncultured;D_5__uncultured bacterium,D_0__Bacteria;D_1__Bacteroidetes;D_2__Bacteroidia;D_3__Bacteroidales;__;__,D_0__Bacteria;D_1__Bacteroidetes;D_2__Bacteroidia;D_3__Flavobacteriales;D_4__Flavobacteriaceae;D_5__uncultured,D_0__Bacteria;D_1__Bacteroidetes;D_2__Bacteroidia;__;__;__,D_0__Bacteria;D_1__Cyanobacteria;D_2__Melainabacteria;D_3__Gastranaerophilales;D_4__Candidatus Melainabacteria bacterium MEL.A1;D_5__Candidatus Melainabacteria bacterium MEL.A1,D_0__Bacteria;D_1__Cyanobacteria;D_2__Melainabacteria;D_3__Gastranaerophilales;D_4__Clostridium sp. CAG:306;D_5__Clostridium sp. CAG:306,D_0__Bacteria;D_1__Cyanobacteria;D_2__Melainabacteria;D_3__Gastranaerophilales;D_4__gut metagenome;D_5__gut metagenome,D_0__Bacteria;D_1__Cyanobacteria;D_2__Melainabacteria;D_3__Gastranaerophilales;D_4__uncultured bacterium;D_5__uncultured bacterium,D_0__Bacteria;D_1__Cyanobacteria;D_2__Melainabacteria;D_3__Gastranaerophilales;__;__,D_0__Bacteria;D_1__Cyanobacteria;D_2__Oxyphotobacteria;D_3__Chloroplast;__;__,D_0__Bacteria;D_1__Elusimicrobia;D_2__Elusimicrobia;D_3__Elusimicrobiales;D_4__Elusimicrobiaceae;D_5__Elusimicrobium,D_0__Bacteria;D_1__Firmicutes;D_2__Bacilli;D_3__Bacillales;D_4__Family XI;D_5__Gemella,D_0__Bacteria;D_1__Firmicutes;D_2__Bacilli;D_3__Lactobacillales;D_4__Enterococcaceae;D_5__Enterococcus,D_0__Bacteria;D_1__Firmicutes;D_2__Bacilli;D_3__Lactobacillales;D_4__Lactobacillaceae;D_5__Lactobacillus,D_0__Bacteria;D_1__Firmicutes;D_2__Bacilli;D_3__Lactobacillales;D_4__Lactobacillaceae;D_5__Pediococcus,D_0__Bacteria;D_1__Firmicutes;D_2__Bacilli;D_3__Lactobacillales;D_4__Leuconostocaceae;D_5__Leuconostoc,D_0__Bacteria;D_1__Firmicutes;D_2__Bacilli;D_3__Lactobacillales;D_4__Streptococcaceae;D_5__Lactococcus,D_0__Bacteria;D_1__Firmicutes;D_2__Bacilli;D_3__Lactobacillales;D_4__Streptococcaceae;D_5__Streptococcus,D_0__Bacteria;D_1__Firmicutes;D_2__Clostridia;D_3__Clostridiales;D_4__Christensenellaceae;D_5__Christensenellaceae R-7 group,D_0__Bacteria;D_1__Firmicutes;D_2__Clostridia;D_3__Clostridiales;D_4__Christensenellaceae;D_5__uncultured,D_0__Bacteria;D_1__Firmicutes;D_2__Clostridia;D_3__Clostridiales;D_4__Christensenellaceae;__,D_0__Bacteria;D_1__Firmicutes;D_2__Clostridia;D_3__Clostridiales;D_4__Clostridiaceae 1;D_5__Clostridium sensu stricto 1,D_0__Bacteria;D_1__Firmicutes;D_2__Clostridia;D_3__Clostridiales;D_4__Clostridiaceae 1;__,D_0__Bacteria;D_1__Firmicutes;D_2__Clostridia;D_3__Clostridiales;D_4__Clostridiales vadinBB60 group;D_5__Clostridiales bacterium enrichment culture clone 06-1235251-67,D_0__Bacteria;D_1__Firmicutes;D_2__Clostridia;D_3__Clostridiales;D_4__Clostridiales vadinBB60 group;D_5__gut metagenome,D_0__Bacteria;D_1__Firmicutes;D_2__Clostridia;D_3__Clostridiales;D_4__Clostridiales vadinBB60 group;D_5__metagenome,D_0__Bacteria;D_1__Firmicutes;D_2__Clostridia;D_3__Clostridiales;D_4__Clostridiales vadinBB60 group;D_5__uncultured Thermoanaerobacterales bacterium,D_0__Bacteria;D_1__Firmicutes;D_2__Clostridia;D_3__Clostridiales;D_4__Clostridiales vadinBB60 group;D_5__uncultured bacterium,D_0__Bacteria;D_1__Firmicutes;D_2__Clostridia;D_3__Clostridiales;D_4__Clostridiales vadinBB60 group;D_5__uncultured organism,D_0__Bacteria;D_1__Firmicutes;D_2__Clostridia;D_3__Clostridiales;D_4__Clostridiales vadinBB60 group;__,D_0__Bacteria;D_1__Firmicutes;D_2__Clostridia;D_3__Clostridiales;D_4__Defluviitaleaceae;D_5__Defluviitaleaceae UCG-011,D_0__Bacteria;D_1__Firmicutes;D_2__Clostridia;D_3__Clostridiales;D_4__Eubacteriaceae;D_5__Anaerofustis,D_0__Bacteria;D_1__Firmicutes;D_2__Clostridia;D_3__Clostridiales;D_4__Eubacteriaceae;D_5__Eubacterium,D_0__Bacteria;D_1__Firmicutes;D_2__Clostridia;D_3__Clostridiales;D_4__Family XI;D_5__Parvimonas,D_0__Bacteria;D_1__Firmicutes;D_2__Clostridia;D_3__Clostridiales;D_4__Family XI;D_5__Peptoniphilus,D_0__Bacteria;D_1__Firmicutes;D_2__Clostridia;D_3__Clostridiales;D_4__Family XIII;D_5__Family XIII AD3011 group,D_0__Bacteria;D_1__Firmicutes;D_2__Clostridia;D_3__Clostridiales;D_4__Family XIII;D_5__Family XIII UCG-001,D_0__Bacteria;D_1__Firmicutes;D_2__Clostridia;D_3__Clostridiales;D_4__Family XIII;D_5__Mogibacterium,D_0__Bacteria;D_1__Firmicutes;D_2__Clostridia;D_3__Clostridiales;D_4__Family XIII;D_5__[Eubacterium] brachy group,D_0__Bacteria;D_1__Firmicutes;D_2__Clostridia;D_3__Clostridiales;D_4__Family XIII;D_5__[Eubacterium] nodatum group,D_0__Bacteria;D_1__Firmicutes;D_2__Clostridia;D_3__Clostridiales;D_4__Family XIII;__,D_0__Bacteria;D_1__Firmicutes;D_2__Clostridia;D_3__Clostridiales;D_4__Lachnospiraceae;D_5__Acetitomaculum,D_0__Bacteria;D_1__Firmicutes;D_2__Clostridia;D_3__Clostridiales;D_4__Lachnospiraceae;D_5__Agathobacter,D_0__Bacteria;D_1__Firmicutes;D_2__Clostridia;D_3__Clostridiales;D_4__Lachnospiraceae;D_5__Anaerostipes,D_0__Bacteria;D_1__Firmicutes;D_2__Clostridia;D_3__Clostridiales;D_4__Lachnospiraceae;D_5__Blautia,D_0__Bacteria;D_1__Firmicutes;D_2__Clostridia;D_3__Clostridiales;D_4__Lachnospiraceae;D_5__Butyrivibrio,D_0__Bacteria;D_1__Firmicutes;D_2__Clostridia;D_3__Clostridiales;D_4__Lachnospiraceae;D_5__CAG-56,D_0__Bacteria;D_1__Firmicutes;D_2__Clostridia;D_3__Clostridiales;D_4__Lachnospiraceae;D_5__Coprococcus 1,D_0__Bacteria;D_1__Firmicutes;D_2__Clostridia;D_3__Clostridiales;D_4__Lachnospiraceae;D_5__Coprococcus 2,D_0__Bacteria;D_1__Firmicutes;D_2__Clostridia;D_3__Clostridiales;D_4__Lachnospiraceae;D_5__Coprococcus 3,D_0__Bacteria;D_1__Firmicutes;D_2__Clostridia;D_3__Clostridiales;D_4__Lachnospiraceae;D_5__Dorea,D_0__Bacteria;D_1__Firmicutes;D_2__Clostridia;D_3__Clostridiales;D_4__Lachnospiraceae;D_5__Eisenbergiella,D_0__Bacteria;D_1__Firmicutes;D_2__Clostridia;D_3__Clostridiales;D_4__Lachnospiraceae;D_5__Fusicatenibacter,D_0__Bacteria;D_1__Firmicutes;D_2__Clostridia;D_3__Clostridiales;D_4__Lachnospiraceae;D_5__GCA-900066575,D_0__Bacteria;D_1__Firmicutes;D_2__Clostridia;D_3__Clostridiales;D_4__Lachnospiraceae;D_5__Howardella,D_0__Bacteria;D_1__Firmicutes;D_2__Clostridia;D_3__Clostridiales;D_4__Lachnospiraceae;D_5__Hungatella,D_0__Bacteria;D_1__Firmicutes;D_2__Clostridia;D_3__Clostridiales;D_4__Lachnospiraceae;D_5__Lachnoclostridium,D_0__Bacteria;D_1__Firmicutes;D_2__Clostridia;D_3__Clostridiales;D_4__Lachnospiraceae;D_5__Lachnospira,D_0__Bacteria;D_1__Firmicutes;D_2__Clostridia;D_3__Clostridiales;D_4__Lachnospiraceae;D_5__Lachnospiraceae FCS020 group,D_0__Bacteria;D_1__Firmicutes;D_2__Clostridia;D_3__Clostridiales;D_4__Lachnospiraceae;D_5__Lachnospiraceae ND3007 group,D_0__Bacteria;D_1__Firmicutes;D_2__Clostridia;D_3__Clostridiales;D_4__Lachnospiraceae;D_5__Lachnospiraceae NK3A20 group,D_0__Bacteria;D_1__Firmicutes;D_2__Clostridia;D_3__Clostridiales;D_4__Lachnospiraceae;D_5__Lachnospiraceae NK4A136 group,D_0__Bacteria;D_1__Firmicutes;D_2__Clostridia;D_3__Clostridiales;D_4__Lachnospiraceae;D_5__Lachnospiraceae NK4B4 group,D_0__Bacteria;D_1__Firmicutes;D_2__Clostridia;D_3__Clostridiales;D_4__Lachnospiraceae;D_5__Lachnospiraceae UCG-001,D_0__Bacteria;D_1__Firmicutes;D_2__Clostridia;D_3__Clostridiales;D_4__Lachnospiraceae;D_5__Lachnospiraceae UCG-003,D_0__Bacteria;D_1__Firmicutes;D_2__Clostridia;D_3__Clostridiales;D_4__Lachnospiraceae;D_5__Lachnospiraceae UCG-004,D_0__Bacteria;D_1__Firmicutes;D_2__Clostridia;D_3__Clostridiales;D_4__Lachnospiraceae;D_5__Lachnospiraceae UCG-008,D_0__Bacteria;D_1__Firmicutes;D_2__Clostridia;D_3__Clostridiales;D_4__Lachnospiraceae;D_5__Lachnospiraceae UCG-010,D_0__Bacteria;D_1__Firmicutes;D_2__Clostridia;D_3__Clostridiales;D_4__Lachnospiraceae;D_5__Marvinbryantia,D_0__Bacteria;D_1__Firmicutes;D_2__Clostridia;D_3__Clostridiales;D_4__Lachnospiraceae;D_5__Moryella,D_0__Bacteria;D_1__Firmicutes;D_2__Clostridia;D_3__Clostridiales;D_4__Lachnospiraceae;D_5__Oribacterium,D_0__Bacteria;D_1__Firmicutes;D_2__Clostridia;D_3__Clostridiales;D_4__Lachnospiraceae;D_5__Roseburia,D_0__Bacteria;D_1__Firmicutes;D_2__Clostridia;D_3__Clostridiales;D_4__Lachnospiraceae;D_5__Sellimonas,D_0__Bacteria;D_1__Firmicutes;D_2__Clostridia;D_3__Clostridiales;D_4__Lachnospiraceae;D_5__Syntrophococcus,D_0__Bacteria;D_1__Firmicutes;D_2__Clostridia;D_3__Clostridiales;D_4__Lachnospiraceae;D_5__Tyzzerella,D_0__Bacteria;D_1__Firmicutes;D_2__Clostridia;D_3__Clostridiales;D_4__Lachnospiraceae;D_5__Tyzzerella 3,D_0__Bacteria;D_1__Firmicutes;D_2__Clostridia;D_3__Clostridiales;D_4__Lachnospiraceae;D_5__Tyzzerella 4,D_0__Bacteria;D_1__Firmicutes;D_2__Clostridia;D_3__Clostridiales;D_4__Lachnospiraceae;D_5__[Bacteroides] pectinophilus group,D_0__Bacteria;D_1__Firmicutes;D_2__Clostridia;D_3__Clostridiales;D_4__Lachnospiraceae;D_5__[Eubacterium] eligens group,D_0__Bacteria;D_1__Firmicutes;D_2__Clostridia;D_3__Clostridiales;D_4__Lachnospiraceae;D_5__[Eubacterium] hallii group,D_0__Bacteria;D_1__Firmicutes;D_2__Clostridia;D_3__Clostridiales;D_4__Lachnospiraceae;D_5__[Eubacterium] ruminantium group,D_0__Bacteria;D_1__Firmicutes;D_2__Clostridia;D_3__Clostridiales;D_4__Lachnospiraceae;D_5__[Eubacterium] ventriosum group,D_0__Bacteria;D_1__Firmicutes;D_2__Clostridia;D_3__Clostridiales;D_4__Lachnospiraceae;D_5__[Eubacterium] xylanophilum group,D_0__Bacteria;D_1__Firmicutes;D_2__Clostridia;D_3__Clostridiales;D_4__Lachnospiraceae;D_5__[Ruminococcus] gauvreauii group,D_0__Bacteria;D_1__Firmicutes;D_2__Clostridia;D_3__Clostridiales;D_4__Lachnospiraceae;D_5__[Ruminococcus] gnavus group,D_0__Bacteria;D_1__Firmicutes;D_2__Clostridia;D_3__Clostridiales;D_4__Lachnospiraceae;D_5__[Ruminococcus] torques group,D_0__Bacteria;D_1__Firmicutes;D_2__Clostridia;D_3__Clostridiales;D_4__Lachnospiraceae;D_5__uncultured,D_0__Bacteria;D_1__Firmicutes;D_2__Clostridia;D_3__Clostridiales;D_4__Lachnospiraceae;__,D_0__Bacteria;D_1__Firmicutes;D_2__Clostridia;D_3__Clostridiales;D_4__Peptococcaceae;D_5__Peptococcus,D_0__Bacteria;D_1__Firmicutes;D_2__Clostridia;D_3__Clostridiales;D_4__Peptococcaceae;D_5__uncultured,D_0__Bacteria;D_1__Firmicutes;D_2__Clostridia;D_3__Clostridiales;D_4__Peptostreptococcaceae;D_5__Intestinibacter,D_0__Bacteria;D_1__Firmicutes;D_2__Clostridia;D_3__Clostridiales;D_4__Peptostreptococcaceae;D_5__Romboutsia,D_0__Bacteria;D_1__Firmicutes;D_2__Clostridia;D_3__Clostridiales;D_4__Peptostreptococcaceae;D_5__Terrisporobacter,D_0__Bacteria;D_1__Firmicutes;D_2__Clostridia;D_3__Clostridiales;D_4__Ruminococcaceae;D_5__Angelakisella,D_0__Bacteria;D_1__Firmicutes;D_2__Clostridia;D_3__Clostridiales;D_4__Ruminococcaceae;D_5__Butyricicoccus,D_0__Bacteria;D_1__Firmicutes;D_2__Clostridia;D_3__Clostridiales;D_4__Ruminococcaceae;D_5__CAG-352,D_0__Bacteria;D_1__Firmicutes;D_2__Clostridia;D_3__Clostridiales;D_4__Ruminococcaceae;D_5__Caproiciproducens,D_0__Bacteria;D_1__Firmicutes;D_2__Clostridia;D_3__Clostridiales;D_4__Ruminococcaceae;D_5__DTU089,D_0__Bacteria;D_1__Firmicutes;D_2__Clostridia;D_3__Clostridiales;D_4__Ruminococcaceae;D_5__Faecalibacterium,D_0__Bacteria;D_1__Firmicutes;D_2__Clostridia;D_3__Clostridiales;D_4__Ruminococcaceae;D_5__Flavonifractor,D_0__Bacteria;D_1__Firmicutes;D_2__Clostridia;D_3__Clostridiales;D_4__Ruminococcaceae;D_5__Fournierella,D_0__Bacteria;D_1__Firmicutes;D_2__Clostridia;D_3__Clostridiales;D_4__Ruminococcaceae;D_5__GCA-900066225,D_0__Bacteria;D_1__Firmicutes;D_2__Clostridia;D_3__Clostridiales;D_4__Ruminococcaceae;D_5__Hydrogenoanaerobacterium,D_0__Bacteria;D_1__Firmicutes;D_2__Clostridia;D_3__Clostridiales;D_4__Ruminococcaceae;D_5__Intestinimonas,D_0__Bacteria;D_1__Firmicutes;D_2__Clostridia;D_3__Clostridiales;D_4__Ruminococcaceae;D_5__Negativibacillus,D_0__Bacteria;D_1__Firmicutes;D_2__Clostridia;D_3__Clostridiales;D_4__Ruminococcaceae;D_5__Oscillibacter,D_0__Bacteria;D_1__Firmicutes;D_2__Clostridia;D_3__Clostridiales;D_4__Ruminococcaceae;D_5__Oscillospira,D_0__Bacteria;D_1__Firmicutes;D_2__Clostridia;D_3__Clostridiales;D_4__Ruminococcaceae;D_5__Ruminiclostridium,D_0__Bacteria;D_1__Firmicutes;D_2__Clostridia;D_3__Clostridiales;D_4__Ruminococcaceae;D_5__Ruminiclostridium 5,D_0__Bacteria;D_1__Firmicutes;D_2__Clostridia;D_3__Clostridiales;D_4__Ruminococcaceae;D_5__Ruminiclostridium 6,D_0__Bacteria;D_1__Firmicutes;D_2__Clostridia;D_3__Clostridiales;D_4__Ruminococcaceae;D_5__Ruminiclostridium 9,D_0__Bacteria;D_1__Firmicutes;D_2__Clostridia;D_3__Clostridiales;D_4__Ruminococcaceae;D_5__Ruminococcaceae NK4A214 group,D_0__Bacteria;D_1__Firmicutes;D_2__Clostridia;D_3__Clostridiales;D_4__Ruminococcaceae;D_5__Ruminococcaceae UCG-002,D_0__Bacteria;D_1__Firmicutes;D_2__Clostridia;D_3__Clostridiales;D_4__Ruminococcaceae;D_5__Ruminococcaceae UCG-003,D_0__Bacteria;D_1__Firmicutes;D_2__Clostridia;D_3__Clostridiales;D_4__Ruminococcaceae;D_5__Ruminococcaceae UCG-004,D_0__Bacteria;D_1__Firmicutes;D_2__Clostridia;D_3__Clostridiales;D_4__Ruminococcaceae;D_5__Ruminococcaceae UCG-005,D_0__Bacteria;D_1__Firmicutes;D_2__Clostridia;D_3__Clostridiales;D_4__Ruminococcaceae;D_5__Ruminococcaceae UCG-007,D_0__Bacteria;D_1__Firmicutes;D_2__Clostridia;D_3__Clostridiales;D_4__Ruminococcaceae;D_5__Ruminococcaceae UCG-008,D_0__Bacteria;D_1__Firmicutes;D_2__Clostridia;D_3__Clostridiales;D_4__Ruminococcaceae;D_5__Ruminococcaceae UCG-009,D_0__Bacteria;D_1__Firmicutes;D_2__Clostridia;D_3__Clostridiales;D_4__Ruminococcaceae;D_5__Ruminococcaceae UCG-010,D_0__Bacteria;D_1__Firmicutes;D_2__Clostridia;D_3__Clostridiales;D_4__Ruminococcaceae;D_5__Ruminococcaceae UCG-013,D_0__Bacteria;D_1__Firmicutes;D_2__Clostridia;D_3__Clostridiales;D_4__Ruminococcaceae;D_5__Ruminococcaceae UCG-014,D_0__Bacteria;D_1__Firmicutes;D_2__Clostridia;D_3__Clostridiales;D_4__Ruminococcaceae;D_5__Ruminococcus 1,D_0__Bacteria;D_1__Firmicutes;D_2__Clostridia;D_3__Clostridiales;D_4__Ruminococcaceae;D_5__Ruminococcus 2,D_0__Bacteria;D_1__Firmicutes;D_2__Clostridia;D_3__Clostridiales;D_4__Ruminococcaceae;D_5__Subdoligranulum,D_0__Bacteria;D_1__Firmicutes;D_2__Clostridia;D_3__Clostridiales;D_4__Ruminococcaceae;D_5__UBA1819,D_0__Bacteria;D_1__Firmicutes;D_2__Clostridia;D_3__Clostridiales;D_4__Ruminococcaceae;D_5__[Eubacterium] coprostanoligenes group,D_0__Bacteria;D_1__Firmicutes;D_2__Clostridia;D_3__Clostridiales;D_4__Ruminococcaceae;D_5__uncultured,D_0__Bacteria;D_1__Firmicutes;D_2__Clostridia;D_3__Clostridiales;D_4__Ruminococcaceae;__,D_0__Bacteria;D_1__Firmicutes;D_2__Clostridia;D_3__Clostridiales;D_4__Syntrophomonadaceae;D_5__Syntrophomonas,D_0__Bacteria;D_1__Firmicutes;D_2__Clostridia;D_3__Clostridiales;D_4__Syntrophomonadaceae;__,D_0__Bacteria;D_1__Firmicutes;D_2__Clostridia;D_3__Clostridiales;__;__,D_0__Bacteria;D_1__Firmicutes;D_2__Clostridia;__;__;__,D_0__Bacteria;D_1__Firmicutes;D_2__Erysipelotrichia;D_3__Erysipelotrichales;D_4__Erysipelotrichaceae;D_5__Asteroleplasma,D_0__Bacteria;D_1__Firmicutes;D_2__Erysipelotrichia;D_3__Erysipelotrichales;D_4__Erysipelotrichaceae;D_5__Catenibacterium,D_0__Bacteria;D_1__Firmicutes;D_2__Erysipelotrichia;D_3__Erysipelotrichales;D_4__Erysipelotrichaceae;D_5__Catenisphaera,D_0__Bacteria;D_1__Firmicutes;D_2__Erysipelotrichia;D_3__Erysipelotrichales;D_4__Erysipelotrichaceae;D_5__Coprobacillus,D_0__Bacteria;D_1__Firmicutes;D_2__Erysipelotrichia;D_3__Erysipelotrichales;D_4__Erysipelotrichaceae;D_5__Erysipelatoclostridium,D_0__Bacteria;D_1__Firmicutes;D_2__Erysipelotrichia;D_3__Erysipelotrichales;D_4__Erysipelotrichaceae;D_5__Erysipelotrichaceae UCG-003,D_0__Bacteria;D_1__Firmicutes;D_2__Erysipelotrichia;D_3__Erysipelotrichales;D_4__Erysipelotrichaceae;D_5__Erysipelotrichaceae UCG-004,D_0__Bacteria;D_1__Firmicutes;D_2__Erysipelotrichia;D_3__Erysipelotrichales;D_4__Erysipelotrichaceae;D_5__Faecalitalea,D_0__Bacteria;D_1__Firmicutes;D_2__Erysipelotrichia;D_3__Erysipelotrichales;D_4__Erysipelotrichaceae;D_5__Holdemanella,D_0__Bacteria;D_1__Firmicutes;D_2__Erysipelotrichia;D_3__Erysipelotrichales;D_4__Erysipelotrichaceae;D_5__Holdemania,D_0__Bacteria;D_1__Firmicutes;D_2__Erysipelotrichia;D_3__Erysipelotrichales;D_4__Erysipelotrichaceae;D_5__Solobacterium,D_0__Bacteria;D_1__Firmicutes;D_2__Erysipelotrichia;D_3__Erysipelotrichales;D_4__Erysipelotrichaceae;D_5__Turicibacter,D_0__Bacteria;D_1__Firmicutes;D_2__Erysipelotrichia;D_3__Erysipelotrichales;D_4__Erysipelotrichaceae;D_5__[Clostridium] innocuum group,D_0__Bacteria;D_1__Firmicutes;D_2__Erysipelotrichia;D_3__Erysipelotrichales;D_4__Erysipelotrichaceae;D_5__uncultured,D_0__Bacteria;D_1__Firmicutes;D_2__Erysipelotrichia;D_3__Erysipelotrichales;D_4__Erysipelotrichaceae;__,D_0__Bacteria;D_1__Firmicutes;D_2__Negativicutes;D_3__Selenomonadales;D_4__Acidaminococcaceae;D_5__Acidaminococcus,D_0__Bacteria;D_1__Firmicutes;D_2__Negativicutes;D_3__Selenomonadales;D_4__Acidaminococcaceae;D_5__Phascolarctobacterium,D_0__Bacteria;D_1__Firmicutes;D_2__Negativicutes;D_3__Selenomonadales;D_4__Acidaminococcaceae;D_5__Succiniclasticum,D_0__Bacteria;D_1__Firmicutes;D_2__Negativicutes;D_3__Selenomonadales;D_4__Veillonellaceae;D_5__Allisonella,D_0__Bacteria;D_1__Firmicutes;D_2__Negativicutes;D_3__Selenomonadales;D_4__Veillonellaceae;D_5__Anaeroglobus,D_0__Bacteria;D_1__Firmicutes;D_2__Negativicutes;D_3__Selenomonadales;D_4__Veillonellaceae;D_5__Dialister,D_0__Bacteria;D_1__Firmicutes;D_2__Negativicutes;D_3__Selenomonadales;D_4__Veillonellaceae;D_5__Megamonas,D_0__Bacteria;D_1__Firmicutes;D_2__Negativicutes;D_3__Selenomonadales;D_4__Veillonellaceae;D_5__Megasphaera,D_0__Bacteria;D_1__Firmicutes;D_2__Negativicutes;D_3__Selenomonadales;D_4__Veillonellaceae;D_5__Mitsuokella,D_0__Bacteria;D_1__Firmicutes;D_2__Negativicutes;D_3__Selenomonadales;D_4__Veillonellaceae;D_5__Veillonella,D_0__Bacteria;D_1__Fusobacteria;D_2__Fusobacteriia;D_3__Fusobacteriales;D_4__Fusobacteriaceae;D_5__Fusobacterium,D_0__Bacteria;D_1__Lentisphaerae;D_2__Lentisphaeria;D_3__Victivallales;D_4__Victivallaceae;D_5__Victivallis,D_0__Bacteria;D_1__Lentisphaerae;D_2__Lentisphaeria;D_3__Victivallales;D_4__Victivallaceae;D_5__uncultured bacterium,D_0__Bacteria;D_1__Lentisphaerae;D_2__Lentisphaeria;D_3__Victivallales;D_4__Victivallaceae;D_5__uncultured organism,D_0__Bacteria;D_1__Lentisphaerae;D_2__Lentisphaeria;D_3__Victivallales;D_4__Victivallaceae;__,D_0__Bacteria;D_1__Lentisphaerae;D_2__Lentisphaeria;D_3__Victivallales;D_4__vadinBE97;D_5__Bacteroidales bacterium 55_9,D_0__Bacteria;D_1__Lentisphaerae;D_2__Lentisphaeria;D_3__Victivallales;D_4__vadinBE97;D_5__uncultured bacterium,D_0__Bacteria;D_1__Lentisphaerae;D_2__Lentisphaeria;D_3__Victivallales;D_4__vadinBE97;D_5__uncultured rumen bacterium,D_0__Bacteria;D_1__Lentisphaerae;D_2__Lentisphaeria;D_3__Victivallales;D_4__vadinBE97;__,D_0__Bacteria;D_1__Proteobacteria;D_2__Alphaproteobacteria;D_3__Rhodospirillales;D_4__uncultured;D_5__Azospirillum sp. 47_25,D_0__Bacteria;D_1__Proteobacteria;D_2__Alphaproteobacteria;D_3__Rhodospirillales;D_4__uncultured;D_5__gut metagenome,D_0__Bacteria;D_1__Proteobacteria;D_2__Alphaproteobacteria;D_3__Rhodospirillales;D_4__uncultured;__,D_0__Bacteria;D_1__Proteobacteria;D_2__Alphaproteobacteria;__;__;__,D_0__Bacteria;D_1__Proteobacteria;D_2__Deltaproteobacteria;D_3__Desulfovibrionales;D_4__Desulfovibrionaceae;D_5__Bilophila,D_0__Bacteria;D_1__Proteobacteria;D_2__Deltaproteobacteria;D_3__Desulfovibrionales;D_4__Desulfovibrionaceae;D_5__Desulfovibrio,D_0__Bacteria;D_1__Proteobacteria;D_2__Deltaproteobacteria;D_3__Desulfovibrionales;D_4__Desulfovibrionaceae;D_5__uncultured,D_0__Bacteria;D_1__Proteobacteria;D_2__Deltaproteobacteria;D_3__Desulfovibrionales;D_4__Desulfovibrionaceae;__,D_0__Bacteria;D_1__Proteobacteria;D_2__Gammaproteobacteria;D_3__Aeromonadales;D_4__Succinivibrionaceae;D_5__Succinivibrio,D_0__Bacteria;D_1__Proteobacteria;D_2__Gammaproteobacteria;D_3__Betaproteobacteriales;D_4__Burkholderiaceae;D_5__Parasutterella,D_0__Bacteria;D_1__Proteobacteria;D_2__Gammaproteobacteria;D_3__Betaproteobacteriales;D_4__Burkholderiaceae;D_5__Sutterella,D_0__Bacteria;D_1__Proteobacteria;D_2__Gammaproteobacteria;D_3__Betaproteobacteriales;D_4__Burkholderiaceae;__,D_0__Bacteria;D_1__Proteobacteria;D_2__Gammaproteobacteria;D_3__Enterobacteriales;D_4__Enterobacteriaceae;D_5__Escherichia-Shigella,D_0__Bacteria;D_1__Proteobacteria;D_2__Gammaproteobacteria;D_3__Enterobacteriales;D_4__Enterobacteriaceae;D_5__Hafnia-Obesumbacterium,D_0__Bacteria;D_1__Proteobacteria;D_2__Gammaproteobacteria;D_3__Enterobacteriales;D_4__Enterobacteriaceae;D_5__Klebsiella,D_0__Bacteria;D_1__Proteobacteria;D_2__Gammaproteobacteria;D_3__Enterobacteriales;D_4__Enterobacteriaceae;D_5__Morganella,D_0__Bacteria;D_1__Proteobacteria;D_2__Gammaproteobacteria;D_3__Enterobacteriales;D_4__Enterobacteriaceae;D_5__Serratia,D_0__Bacteria;D_1__Proteobacteria;D_2__Gammaproteobacteria;D_3__Enterobacteriales;D_4__Enterobacteriaceae;__,D_0__Bacteria;D_1__Proteobacteria;D_2__Gammaproteobacteria;D_3__Pasteurellales;D_4__Pasteurellaceae;D_5__Haemophilus,D_0__Bacteria;D_1__Spirochaetes;D_2__Spirochaetia;D_3__Spirochaetales;D_4__Spirochaetaceae;D_5__Treponema 2,D_0__Bacteria;D_1__Synergistetes;D_2__Synergistia;D_3__Synergistales;D_4__Synergistaceae;D_5__Cloacibacillus,D_0__Bacteria;D_1__Tenericutes;D_2__Mollicutes;D_3__Anaeroplasmatales;D_4__Anaeroplasmataceae;D_5__Anaeroplasma,D_0__Bacteria;D_1__Tenericutes;D_2__Mollicutes;D_3__Izimaplasmatales;D_4__gut metagenome;D_5__gut metagenome,D_0__Bacteria;D_1__Tenericutes;D_2__Mollicutes;D_3__Izimaplasmatales;D_4__uncultured bacterium;D_5__uncultured bacterium,D_0__Bacteria;D_1__Tenericutes;D_2__Mollicutes;D_3__Izimaplasmatales;D_4__uncultured organism;D_5__uncultured organism,D_0__Bacteria;D_1__Tenericutes;D_2__Mollicutes;D_3__Mollicutes RF39;D_4__gut metagenome;D_5__gut metagenome,D_0__Bacteria;D_1__Tenericutes;D_2__Mollicutes;D_3__Mollicutes RF39;D_4__metagenome;D_5__metagenome,D_0__Bacteria;D_1__Tenericutes;D_2__Mollicutes;D_3__Mollicutes RF39;D_4__uncultured Lachnospiraceae bacterium;D_5__uncultured Lachnospiraceae bacterium,D_0__Bacteria;D_1__Tenericutes;D_2__Mollicutes;D_3__Mollicutes RF39;D_4__uncultured Mollicutes bacterium;D_5__uncultured Mollicutes bacterium,D_0__Bacteria;D_1__Tenericutes;D_2__Mollicutes;D_3__Mollicutes RF39;D_4__uncultured bacterium adhufec202;D_5__uncultured bacterium adhufec202,D_0__Bacteria;D_1__Tenericutes;D_2__Mollicutes;D_3__Mollicutes RF39;D_4__uncultured bacterium;D_5__uncultured bacterium,D_0__Bacteria;D_1__Tenericutes;D_2__Mollicutes;D_3__Mollicutes RF39;D_4__uncultured prokaryote;D_5__uncultured prokaryote,D_0__Bacteria;D_1__Tenericutes;D_2__Mollicutes;D_3__Mollicutes RF39;D_4__unidentified rumen bacterium RF39;D_5__unidentified rumen bacterium RF39,D_0__Bacteria;D_1__Tenericutes;D_2__Mollicutes;D_3__Mollicutes RF39;__;__,D_0__Bacteria;D_1__Verrucomicrobia;D_2__Verrucomicrobiae;D_3__Opitutales;D_4__Puniceicoccaceae;D_5__Cerasicoccus,D_0__Bacteria;D_1__Verrucomicrobia;D_2__Verrucomicrobiae;D_3__Opitutales;D_4__Puniceicoccaceae;D_5__uncultured,D_0__Bacteria;D_1__Verrucomicrobia;D_2__Verrucomicrobiae;D_3__Opitutales;D_4__Puniceicoccaceae;__,D_0__Bacteria;D_1__Verrucomicrobia;D_2__Verrucomicrobiae;D_3__Verrucomicrobiales;D_4__Akkermansiaceae;D_5__Akkermansia,D_0__Bacteria;__;__;__;__;__,D_0__Eukaryota;D_1__SAR;D_2__Stramenopiles;D_3__Incertae Sedis;D_4__Blastocystis;D_5__unidentified guinea pig faeces isolate U26177
CD,0,0,0,0,0,0,0,0,0,0,0,0,0,0,0,0,0.475299401,0,0,0,0,0,0,0,0,0,0,0,0,0.049401198,0,0,0,0,0,0,0,0,0.026197605,0,0,0,0.019461078,0,0,0,0,0,0,0,0,0,0,0,0,0,0,0,0,0,0,0,0,0,0,0,0,0,0,0,0,0,0,0,0,0,0,0,0,0,0,0,0,0,0,0,0.152694611,0,0.086826347,0,0,0,0,0,0,0,0,0,0,0,0.079341317,0,0,0,0,0,0,0,0,0,0,0,0,0,0,0,0,0,0,0,0,0,0.07260479,0,0,0,0,0,0,0,0,0,0,0,0,0,0,0,0,0,0,0,0.038173653,0,0,0,0,0,0,0,0,0,0,0,0,0,0,0,0,0,0,0,0,0,0,0,0,0,0,0,0,0,0,0,0,0,0,0,0,0,0,0,0,0,0,0,0,0,0,0,0,0,0,0,0,0,0,0,0,0,0,0,0,0,0,0,0,0,0,0,0,0,0,0,0,0,0,0,0,0,0,0,0,0,0,0,0,0,0,0,0,0,0,0,0,0,0,0,0,0,0,0,0,0,0,0,0,0,0,0,0
CD,0,0,0,0,0,0,0,0,0,0,0,0,0,0,0,0,0.618134547,0,0,0,0,0,0,0,0,0,0,0,0,0.048423789,0,0,0,0.089047774,0,0,0,0,0,0,0,0,0.029574261,0,0,0,0,0,0,0,0,0,0,0,0,0,0,0,0,0,0,0,0,0,0,0,0,0,0,0,0,0,0,0,0,0,0,0,0,0,0,0,0,0,0,0,0,0.037374066,0.044523887,0,0,0,0,0,0,0,0,0,0,0,0.011374716,0,0,0,0,0,0,0,0,0,0,0,0,0,0,0.014624634,0,0,0,0,0,0,0,0,0,0,0,0,0,0,0,0.023399415,0,0,0,0,0,0,0,0,0,0,0.040298993,0,0,0,0,0,0,0,0,0,0,0,0,0,0,0,0,0,0,0,0,0,0,0,0,0,0,0,0,0,0,0,0,0,0,0,0,0,0,0,0,0,0,0,0,0,0,0,0,0,0,0,0,0,0,0,0,0,0,0,0.009099773,0,0,0,0,0,0,0,0,0,0,0,0,0,0,0,0,0,0.034124147,0,0,0,0,0,0,0,0,0,0,0,0,0,0,0,0,0,0,0,0,0,0,0,0,0,0,0,0,0,0
CD,0,0,0,0,0,0,0,0,0,0,0,0,0,0,0,0,0.155204899,0,0,0,0,0,0,0,0,0,0,0,0,0,0,0,0,0.30805464,0,0,0,0,0,0,0,0,0.012717852,0,0,0,0,0,0,0,0,0,0,0,0,0,0,0,0,0,0,0,0,0,0,0,0,0,0,0,0,0,0,0,0,0,0,0,0,0,0,0,0,0,0,0,0,0.002590674,0,0,0,0,0,0,0,0,0,0,0,0,0.066650966,0,0,0,0,0,0,0,0,0,0,0,0,0,0,0,0,0,0,0,0,0,0,0,0,0,0,0,0,0,0.014130947,0,0,0,0,0,0,0,0,0,0,0,0,0,0,0,0,0,0,0,0,0,0,0,0,0,0,0,0,0,0,0.007065473,0,0,0,0.000942063,0,0,0,0,0,0,0,0,0,0,0,0,0,0,0,0,0,0,0,0,0,0,0,0,0,0,0.146490815,0.032501178,0,0,0.098916627,0,0,0.032736693,0,0,0,0,0,0,0,0,0,0,0,0,0,0,0,0,0,0,0,0,0.006358926,0,0,0.016486105,0,0,0,0,0,0,0,0,0,0,0,0,0,0,0,0,0,0,0,0,0,0,0,0,0.099152143,0,0
CD,0,0,0,0,0,0,0,0,0,0,0,0,0,0,0,0,0.637292465,0.029054917,0,0,0,0,0,0,0,0,0,0,0,0.01660281,0,0,0,0,0,0,0.01532567,0,0.04853129,0,0,0,0.020753512,0,0,0,0,0,0,0,0,0,0,0,0,0,0,0,0,0,0,0,0,0,0,0,0,0,0,0,0,0,0,0,0,0,0,0,0,0,0,0,0,0,0,0,0,0,0.013090677,0,0,0,0,0,0,0,0,0,0,0,0,0,0,0,0,0,0,0,0,0,0,0,0,0,0,0.010855683,0,0,0,0,0,0,0,0,0,0.010855683,0,0,0,0,0,0.035121328,0,0,0,0,0,0,0,0,0,0,0.124201788,0,0,0,0,0,0,0,0,0,0.010536398,0.004469987,0,0,0,0,0,0,0,0,0,0,0,0,0,0,0.023307791,0,0,0,0,0,0,0,0,0,0,0,0,0,0,0,0,0,0,0,0,0,0,0,0,0,0,0,0,0,0,0,0,0,0,0,0,0,0,0,0,0,0,0,0,0,0,0,0,0,0,0,0,0,0,0,0,0,0,0,0,0,0,0,0,0,0,0,0,0,0,0,0,0,0,0,0,0,0,0,0,0,0
CD,0,0,0,0,0,0,0,0,0,0,0,0,0,0,0,0,0.841233581,0,0,0,0,0,0,0,0,0,0,0,0,0,0,0,0,0,0,0,0,0,0,0,0,0,0.042832667,0,0,0,0,0,0,0,0,0,0,0,0,0,0,0,0,0,0,0,0,0,0,0,0,0,0,0,0,0,0,0,0,0,0,0,0,0,0,0,0,0,0,0,0,0.019417476,0,0,0,0,0,0,0,0,0,0,0,0,0,0,0,0,0,0,0,0,0,0,0,0,0,0,0,0,0,0,0,0,0,0,0,0,0,0,0,0,0,0,0,0,0,0,0,0,0,0,0,0,0,0,0,0,0,0,0,0,0,0,0,0,0,0,0,0,0,0,0,0,0,0,0,0,0,0,0,0,0,0,0,0,0,0,0,0,0,0,0,0,0,0,0,0,0,0,0,0,0,0,0,0,0.061107938,0,0,0,0,0,0,0,0,0,0,0,0,0,0,0,0,0,0,0.021130782,0,0,0,0,0,0,0,0,0,0.014277556,0,0,0,0,0,0,0,0,0,0,0,0,0,0,0,0,0,0,0,0,0,0,0,0,0,0,0,0,0
CD,0,0,0,0,0,0,0,0,0,0,0,0,0,0,0,0,0.490673411,0,0,0,0,0,0,0,0,0,0,0,0,0,0,0,0,0.129307619,0,0,0,0,0,0,0,0,0,0,0,0,0,0,0,0,0,0,0,0,0,0,0,0.039835599,0,0,0,0.027821688,0,0,0,0,0,0,0,0,0,0,0,0,0,0,0,0,0,0,0,0,0,0,0,0,0,0,0.023079355,0,0,0,0,0,0,0,0,0,0,0,0.014543155,0.04331331,0,0,0,0,0,0,0,0,0,0,0,0,0,0,0,0,0,0,0,0,0,0,0,0,0,0,0.046474866,0,0,0,0,0,0,0.041416377,0,0,0,0,0,0,0,0,0,0,0,0,0,0,0,0,0,0,0,0,0,0,0,0,0,0,0,0,0,0,0,0,0,0,0,0,0,0,0,0,0,0,0,0,0,0,0,0,0,0,0,0,0,0,0,0,0,0,0,0,0,0,0,0,0,0.030034777,0.014227,0,0,0,0,0,0,0,0,0,0,0,0,0,0,0,0,0,0,0.015807777,0,0.016440089,0,0,0,0,0,0.067024976,0,0,0,0,0,0,0,0,0,0,0,0,0,0,0,0,0,0,0,0,0
CD,0,0,0,0,0,0,0,0,0,0,0,0,0,0,0,0,0.436838624,0.013888889,0,0,0,0.002314815,0,0,0,0,0,0,0,0.021494709,0,0,0,0,0,0,0,0,0.09457672,0,0,0,0.01521164,0,0,0,0,0,0,0,0,0,0,0,0,0,0,0,0,0,0,0,0,0,0,0,0,0,0,0,0,0,0,0,0,0,0,0,0,0,0,0,0,0,0,0,0,0.012566138,0.146825397,0,0,0,0,0.017195767,0,0,0,0,0,0,0.053571429,0,0,0,0,0,0,0,0,0,0,0,0,0,0,0,0,0,0,0,0,0,0,0,0,0,0,0,0,0,0,0,0,0,0,0,0,0,0,0,0,0,0,0,0,0,0,0,0,0,0,0,0.014880952,0,0,0,0,0,0,0,0,0,0,0,0.003637566,0,0,0.051587302,0.115410053,0,0,0,0,0,0,0,0,0,0,0,0,0,0,0,0,0,0,0,0,0,0,0,0,0,0,0,0,0,0,0,0,0,0,0,0,0,0,0,0,0,0,0,0,0,0,0,0,0,0,0,0,0,0,0,0,0,0,0,0,0,0,0,0,0,0,0,0,0,0,0,0,0,0,0,0,0,0,0,0,0,0
CD,0,0,0,0,0,0,0,0,0,0,0,0,0,0,0,0,0.632679181,0,0,0,0,0,0,0,0,0,0,0,0,0,0,0,0,0,0,0,0,0,0,0,0,0,0.006825939,0,0,0,0,0,0,0,0,0,0,0,0,0,0,0,0,0,0,0,0,0,0,0,0,0,0,0,0,0,0,0,0,0,0,0,0,0,0,0,0,0,0,0,0,0,0.118174061,0,0,0,0,0,0.043515358,0,0,0,0,0,0,0,0,0,0,0,0,0,0,0,0,0,0,0,0,0,0,0,0,0,0,0,0,0,0,0,0,0,0,0,0,0,0,0,0,0,0,0,0.005119454,0,0,0,0.121587031,0,0,0,0,0,0,0,0,0,0,0,0,0,0,0,0,0,0,0,0,0,0,0,0,0,0.072098976,0,0,0,0,0,0,0,0,0,0,0,0,0,0,0,0,0,0,0,0,0,0,0,0,0,0,0,0,0,0,0,0,0,0,0,0,0,0,0,0,0,0,0,0,0,0,0,0,0,0,0,0,0,0,0,0,0,0,0,0,0,0,0,0,0,0,0,0,0,0,0,0,0,0,0,0,0,0,0,0,0,0
CD,0,0,0,0,0,0,0,0,0,0,0,0,0,0,0,0,0.810835214,0,0,0,0,0,0,0,0,0,0,0,0,0,0,0,0,0,0,0,0,0,0,0,0,0,0,0,0,0,0,0,0,0,0,0,0,0,0,0,0,0,0,0,0,0.043340858,0,0,0,0,0,0,0,0,0,0,0,0,0,0,0,0,0,0,0,0,0,0,0,0,0,0,0.022573363,0,0,0,0,0,0,0,0,0,0,0,0,0,0,0,0,0,0,0,0,0,0,0,0,0,0,0,0,0,0,0,0,0,0,0,0,0,0,0,0,0,0,0,0,0,0,0,0,0,0,0,0,0,0,0,0,0,0,0,0,0,0,0,0,0,0,0,0,0,0,0,0,0,0,0,0,0,0,0,0,0,0,0,0,0,0,0,0,0,0,0,0,0,0,0,0,0,0,0,0,0,0,0,0,0,0,0,0,0,0,0,0,0,0,0,0,0,0,0,0,0,0,0,0,0,0,0,0,0,0,0,0,0,0,0.10248307,0,0,0.020767494,0,0,0,0,0,0,0,0,0,0,0,0,0,0,0,0,0,0,0,0,0,0,0,0
CD,0,0,0,0,0,0,0,0,0,0,0,0,0,0,0,0,0.756653992,0,0,0,0,0,0,0,0,0,0,0,0,0,0,0,0,0,0,0,0,0,0,0,0,0,0,0,0,0,0,0,0,0,0,0,0,0,0,0,0,0,0,0,0,0,0,0,0,0,0,0,0,0,0,0,0,0,0,0,0,0,0,0,0,0,0,0,0,0,0,0,0.042775665,0,0,0,0,0,0,0,0,0,0,0,0,0,0,0,0,0,0,0,0,0,0,0,0,0,0,0,0,0,0,0,0,0,0,0,0,0,0,0,0,0,0,0,0,0,0,0,0,0,0,0,0,0,0,0,0,0,0,0,0,0,0,0,0,0,0,0,0,0,0,0,0,0,0,0,0,0,0,0,0,0,0,0,0,0,0,0,0,0,0,0,0,0,0,0,0,0,0,0,0,0,0,0,0,0,0,0,0,0,0,0,0,0,0.19581749,0,0,0,0,0,0,0,0,0,0,0,0,0,0,0,0,0,0.004752852,0,0,0,0,0,0,0,0,0,0,0,0,0,0,0,0,0,0,0,0,0,0,0,0,0,0,0,0,0,0
CD,0,0,0,0,0,0,0,0,0,0,0,0,0,0,0,0,0.804304415,0,0.004215665,0,0,0.001996894,0,0,0,0,0,0,0,0,0,0,0,0,0,0,0,0,0,0,0,0,0,0,0,0,0,0,0,0.002440648,0,0,0.006656312,0,0,0,0,0,0,0,0,0,0,0,0,0,0,0,0,0,0,0,0,0,0,0,0,0,0,0,0,0,0,0,0,0,0,0,0.04481917,0,0,0,0,0,0,0,0,0,0,0,0,0,0,0,0,0,0,0,0,0,0,0,0,0,0,0,0,0,0,0,0,0,0,0,0,0,0,0,0,0,0,0.082760151,0,0,0,0,0,0,0,0,0,0,0,0,0,0,0,0,0,0,0,0,0,0,0,0,0,0,0,0,0,0,0,0,0,0,0,0,0,0,0,0,0,0,0,0,0,0,0,0,0,0,0,0,0,0,0,0,0,0,0,0,0,0.008875083,0,0,0,0,0,0,0,0,0.027290881,0,0,0,0,0,0,0,0,0,0,0,0,0,0,0,0,0,0.016640781,0,0,0,0,0,0,0,0,0,0,0,0,0,0,0,0,0,0,0,0,0,0,0,0,0,0,0,0,0,0
CD,0,0,0,0,0,0,0,0,0,0,0,0,0,0,0,0,0.9762309,0,0,0,0,0,0,0,0,0,0,0,0,0,0,0,0,0,0,0,0,0,0,0,0,0,0,0,0,0,0,0,0,0,0,0,0,0,0,0,0,0,0,0,0,0,0,0,0,0,0,0,0,0,0,0,0,0,0,0,0,0,0,0,0,0,0,0,0,0,0,0,0,0,0,0,0,0,0,0,0,0,0,0,0,0,0,0,0,0,0,0,0,0,0,0,0,0,0,0,0,0,0,0,0,0,0,0,0,0,0,0,0,0,0,0,0,0,0,0,0,0,0,0,0,0,0,0,0,0,0,0,0,0,0,0,0,0,0,0,0,0,0,0,0,0,0,0,0,0,0,0,0,0,0,0,0,0,0,0,0,0,0,0,0,0,0,0,0,0,0,0,0,0,0,0,0,0,0,0,0,0,0,0,0,0,0,0,0,0,0,0,0,0,0,0,0,0,0,0,0,0,0,0,0.0237691,0,0,0,0,0,0,0,0,0,0,0,0,0,0,0,0,0,0,0,0,0,0,0,0,0,0,0,0,0,0
CD,0,0,0,0,0,0,0,0,0,0,0,0,0,0,0,0,0.866176471,0,0,0,0,0,0,0,0,0,0,0,0,0,0,0,0,0,0,0,0,0,0,0,0,0,0,0,0,0,0,0,0,0,0,0,0,0,0,0,0,0,0,0,0,0,0,0,0,0,0,0,0,0,0,0,0,0,0,0,0,0,0,0,0,0,0,0,0,0,0,0,0.019117647,0,0,0,0,0,0,0,0,0,0,0,0.066666667,0,0,0,0,0,0,0,0,0,0,0,0,0,0,0.015196078,0,0,0,0,0,0,0,0,0,0,0,0,0,0,0,0,0,0,0,0,0,0,0,0,0,0,0,0,0,0,0,0,0,0,0,0,0,0,0,0,0,0,0,0,0,0,0,0,0,0,0,0,0,0,0,0,0,0,0,0,0,0,0,0,0,0,0,0,0,0,0,0,0,0,0,0,0,0,0,0,0,0,0,0,0,0,0.032843137,0,0,0,0,0,0,0,0,0,0,0,0,0,0,0,0,0,0,0,0,0,0,0,0,0,0,0,0,0,0,0,0,0,0,0,0,0,0,0,0,0,0,0,0,0,0,0,0
CD,0,0,0,0,0,0,0,0,0,0,0,0,0,0,0,0,0.600048984,0,0,0,0,0.001959344,0,0,0,0,0,0,0,0,0.003428851,0,0,0,0,0,0,0,0.005878031,0,0.02987999,0,0.019838354,0,0,0,0,0,0,0,0,0,0,0,0,0,0,0,0,0,0,0,0,0,0,0,0,0,0,0,0,0,0,0,0,0,0,0,0,0,0,0,0,0,0,0,0,0.055106539,0.032819006,0,0,0,0,0.018858682,0,0,0,0,0,0,0,0,0,0,0,0,0,0,0,0,0,0,0,0,0,0,0,0,0.006122949,0,0,0,0,0,0.003918687,0.010531472,0,0,0,0.007837374,0,0.042615724,0,0,0,0,0,0,0.001959344,0,0,0,0.052167524,0,0,0,0,0,0,0,0,0,0,0,0,0,0,0,0,0,0,0,0,0,0,0,0.009306882,0,0.078128827,0,0.006367867,0,0,0,0,0,0,0,0,0,0,0,0,0,0,0,0,0,0,0,0,0,0,0.010286554,0,0,0,0,0,0,0,0,0,0,0,0,0,0,0,0,0,0,0,0,0,0,0,0,0,0,0,0.002939015,0,0,0,0,0,0,0,0,0,0,0,0,0,0,0,0,0,0,0,0,0,0,0,0,0,0,0,0,0
CD,0,0,0,0,0,0,0,0,0,0,0,0,0,0,0,0,0.438706312,0,0,0,0,0,0,0,0,0,0,0,0,0,0,0,0,0,0,0,0,0,0,0,0,0,0,0,0,0,0,0,0,0,0,0,0,0,0,0,0,0.188836724,0.033385498,0,0,0,0,0,0,0,0,0,0,0,0,0,0,0,0,0,0,0,0,0,0,0,0,0,0,0,0,0,0,0,0,0,0,0,0,0,0,0,0,0,0,0,0,0,0,0,0,0,0,0,0,0,0,0,0,0,0,0,0,0,0,0,0,0,0,0,0,0,0,0.051643192,0,0.036515389,0,0,0,0,0,0,0,0,0,0,0.196139802,0,0,0,0,0,0,0,0,0,0,0,0,0,0,0,0,0,0,0,0,0,0,0,0,0,0.030777256,0,0,0,0,0,0,0,0,0,0,0,0,0,0,0,0,0,0,0,0,0,0,0,0,0,0,0,0,0,0,0,0,0,0,0,0,0,0,0,0,0,0,0,0,0,0,0,0,0,0,0,0.023995827,0,0,0,0,0,0,0,0,0,0,0,0,0,0,0,0,0,0,0,0,0,0,0,0,0,0,0,0,0,0
CD,0,0,0,0,0,0,0,0,0,0,0,0,0,0,0,0,0.88370565,0,0,0,0,0,0,0,0,0,0,0,0,0,0,0,0,0,0,0,0,0,0,0,0,0,0,0,0,0,0,0,0,0,0,0,0,0,0,0,0,0,0,0,0,0,0,0,0,0,0,0,0,0,0,0,0,0,0,0,0,0,0,0,0,0,0,0,0,0,0,0,0,0,0,0,0,0,0,0,0,0,0,0,0,0,0,0,0,0,0,0,0,0,0,0,0,0,0,0,0,0,0,0,0,0,0,0,0,0,0,0,0,0,0,0.044678055,0,0,0,0,0,0,0,0,0,0,0,0,0,0,0,0,0,0,0,0,0,0,0,0,0,0,0,0,0,0,0,0,0,0,0,0,0,0,0,0,0,0,0,0,0,0,0,0,0,0,0,0,0,0,0,0,0,0,0,0,0,0,0,0,0,0,0,0,0,0,0.049277267,0,0,0,0,0,0,0,0,0,0,0,0,0,0,0,0,0,0.022339028,0,0,0,0,0,0,0,0,0,0,0,0,0,0,0,0,0,0,0,0,0,0,0,0,0,0,0,0,0,0
CD,0,0,0,0,0,0,0,0,0,0,0,0,0,0,0,0,0.07579273,0,0,0,0,0,0,0,0,0,0,0,0,0,0,0,0,0.534802784,0,0,0,0,0,0,0,0,0,0,0,0,0,0,0,0,0,0,0,0,0,0,0,0.005413766,0,0,0,0,0,0,0,0,0,0,0,0,0,0,0,0,0,0,0,0,0,0,0,0,0,0,0,0,0,0.013534416,0,0,0,0,0,0,0.020881671,0,0,0,0,0,0,0,0,0,0,0,0,0,0,0,0,0,0,0,0,0,0,0,0,0,0,0,0,0,0,0,0,0,0,0,0,0,0,0,0,0,0,0,0,0,0,0,0,0,0,0,0,0,0,0,0,0,0,0,0,0,0,0,0,0,0,0,0,0,0,0,0,0,0,0,0,0,0,0,0,0,0,0,0,0,0,0,0,0,0,0,0,0,0,0,0,0,0.148105182,0,0,0,0,0,0,0.183294664,0,0,0,0,0,0,0,0,0,0,0,0,0,0,0,0,0,0,0,0,0,0.018174787,0,0,0,0,0,0,0,0,0,0,0,0,0,0,0,0,0,0,0,0,0,0,0,0,0,0,0,0,0
CD,0,0,0,0,0,0,0,0,0,0,0,0,0,0,0,0,0.587339362,0,0,0,0,0.007139457,0,0,0,0,0,0,0,0,0,0,0,0,0,0,0,0,0.019038553,0,0,0,0,0,0,0,0,0,0,0,0,0,0,0,0,0,0,0,0,0,0,0,0,0,0,0,0,0,0,0,0,0,0,0,0,0,0,0,0,0,0,0,0,0,0,0,0,0,0,0,0,0,0,0,0,0,0,0,0,0,0,0,0,0,0,0,0,0,0,0,0,0,0,0,0,0.091385055,0,0,0,0,0,0,0,0,0,0,0,0,0.018562589,0,0,0.036649215,0,0,0,0,0,0,0,0,0,0,0,0,0,0,0,0,0,0,0,0,0,0,0,0,0,0,0,0,0,0,0,0,0,0,0,0,0,0,0,0,0,0,0,0,0,0,0,0,0,0,0,0,0,0,0,0,0,0,0,0,0,0,0,0,0,0,0,0,0,0,0.115183246,0,0,0,0,0,0,0,0,0,0,0,0,0,0,0,0,0,0,0.039504998,0,0.085197525,0,0,0,0,0,0,0,0,0,0,0,0,0,0,0,0,0,0,0,0,0,0,0,0,0,0,0
CD,0,0,0,0,0,0,0,0,0,0,0,0,0,0,0,0,0.568881686,0.011885467,0,0,0,0,0,0,0,0,0,0,0,0,0,0,0,0,0,0,0,0,0.010264722,0,0,0,0,0,0,0,0,0,0,0,0,0,0,0,0,0,0,0,0,0,0,0,0,0,0,0,0,0,0,0,0,0,0,0,0,0,0,0,0,0,0,0,0,0,0,0,0.215559157,0.053484603,0.035116153,0,0,0,0,0.024311183,0,0,0,0,0,0,0,0,0,0,0,0,0,0,0,0,0,0,0,0,0,0,0,0,0,0,0,0,0,0,0,0,0,0,0,0,0,0,0,0,0,0,0,0,0,0,0,0,0.045921124,0,0,0,0,0,0,0,0,0,0,0,0,0,0,0,0,0,0,0,0,0,0,0,0,0,0.034575905,0,0,0,0,0,0,0,0,0,0,0,0,0,0,0,0,0,0,0,0,0,0,0,0,0,0,0,0,0,0,0,0,0,0,0,0,0,0,0,0,0,0,0,0,0,0,0,0,0,0,0,0,0,0,0,0,0,0,0,0,0,0,0,0,0,0,0,0,0,0,0,0,0,0,0,0,0,0,0,0,0,0
CD,0,0,0,0,0,0,0,0,0,0,0,0,0,0,0,0,0.68995098,0,0,0,0,0,0,0,0,0,0,0,0,0,0,0,0,0,0,0,0,0,0,0,0,0,0,0,0,0,0,0,0,0,0,0,0,0,0,0,0,0,0,0,0,0,0,0,0,0,0,0,0,0,0,0,0,0,0,0,0,0,0,0,0,0,0,0,0,0,0,0,0.106617647,0,0,0,0,0,0,0,0,0,0,0,0,0,0,0,0,0,0,0,0,0,0,0,0,0,0,0,0,0,0,0,0,0,0,0,0,0,0,0,0,0,0,0.140931373,0,0,0,0,0,0,0,0,0,0,0,0,0,0,0,0,0,0,0,0,0,0,0,0,0,0,0,0,0,0,0,0,0,0,0,0,0,0,0,0,0,0,0,0,0,0,0,0,0,0,0,0,0,0,0,0,0,0,0,0,0.042892157,0,0,0,0,0,0.019607843,0,0,0,0,0,0,0,0,0,0,0,0,0,0,0,0,0,0,0,0,0,0,0,0,0,0,0,0,0,0,0,0,0,0,0,0,0,0,0,0,0,0,0,0,0,0,0,0,0,0,0,0
CD,0,0,0,0,0,0,0,0,0,0,0,0,0,0,0,0,0.929391892,0,0,0,0,0,0,0,0,0,0,0,0,0,0,0,0,0,0,0,0,0,0,0,0,0,0,0,0,0,0,0,0,0,0,0,0,0,0,0,0,0,0,0,0,0,0,0,0,0,0,0,0,0,0,0,0,0,0,0,0,0,0,0,0,0,0,0,0,0,0.021283784,0,0,0,0,0,0,0,0,0,0,0,0,0,0.011486486,0,0,0,0,0,0,0,0,0,0,0,0,0,0,0,0,0,0,0,0,0,0,0,0,0,0,0,0,0,0,0.004391892,0,0,0,0,0,0,0,0,0,0,0,0,0,0,0,0,0,0,0,0,0,0,0,0,0,0,0,0,0,0,0,0,0,0,0,0,0,0,0,0,0,0,0,0,0,0,0,0,0,0,0,0,0,0,0,0,0,0,0,0,0,0,0,0,0,0,0,0,0,0,0,0,0,0,0,0,0,0,0,0,0,0,0,0,0,0,0,0,0,0.033445946,0,0,0,0,0,0,0,0,0,0,0,0,0,0,0,0,0,0,0,0,0,0,0,0,0,0,0,0,0
CD,0,0,0,0,0,0,0,0,0,0,0,0,0,0,0,0,0.041756882,0,0,0,0,0.001237241,0,0,0,0,0,0,0,0,0,0.031549644,0.107330653,0.334364367,0,0,0,0,0,0,0,0,0.004021033,0,0,0,0,0,0,0,0,0,0,0,0,0,0,0.017321373,0,0,0,0.016393443,0,0,0,0,0,0,0,0,0,0,0,0,0,0,0,0,0,0,0,0.003711723,0,0,0,0,0,0,0,0,0,0,0,0,0,0,0,0,0,0,0,0,0,0,0,0,0,0,0,0,0,0,0,0,0.02660068,0,0,0,0,0,0,0,0,0,0,0,0,0,0,0,0,0.082585834,0,0,0,0,0,0,0,0,0,0,0.075781008,0,0,0,0,0,0,0,0,0,0,0,0,0.011753789,0,0,0,0,0,0,0,0,0,0,0,0,0.021651717,0,0,0,0,0,0,0,0,0,0,0,0,0,0,0,0,0,0,0,0,0,0,0,0.080111352,0,0,0,0,0,0,0.095886174,0,0,0,0,0,0,0,0,0,0,0,0,0,0,0,0,0,0,0,0,0,0,0,0.047943087,0,0,0,0,0,0,0,0,0,0,0,0,0,0,0,0,0,0,0,0,0,0,0,0,0,0,0
CD,0,0,0,0,0,0,0,0,0,0,0,0,0,0,0,0,0.938397503,0,0,0,0,0,0,0,0,0,0,0,0,0,0,0,0,0,0,0,0,0,0,0,0,0,0,0,0,0,0,0,0,0,0,0,0,0,0,0,0,0,0,0,0,0,0,0,0,0,0,0,0,0,0,0,0,0,0,0,0,0,0,0,0,0,0,0,0,0,0,0,0,0,0,0,0,0,0,0,0,0,0,0,0.035171696,0,0,0,0,0,0,0,0,0,0,0,0,0,0,0,0,0,0,0,0,0,0,0,0,0,0,0,0,0,0,0,0,0,0,0,0,0,0,0,0,0,0,0,0,0,0,0,0,0,0,0,0,0,0,0,0,0,0,0,0,0,0,0,0,0,0,0,0,0,0,0,0,0,0,0,0,0,0,0,0,0,0,0,0,0,0,0,0,0,0,0,0,0,0,0,0,0,0,0,0,0,0,0,0,0,0,0,0,0,0,0,0,0,0,0,0,0,0,0,0,0,0,0.026430801,0,0,0,0,0,0,0,0,0,0,0,0,0,0,0,0,0,0,0,0,0,0,0,0,0,0,0
CD,0,0,0,0,0,0,0,0,0,0,0,0,0,0,0,0,0.622140897,0,0,0,0,0,0,0,0,0,0,0,0,0,0,0,0,0,0,0,0,0,0,0,0,0,0.025617566,0,0,0,0,0,0,0,0,0,0,0,0,0,0,0.038426349,0,0,0,0,0,0,0,0,0,0,0,0,0,0,0,0,0,0,0,0,0,0,0,0,0,0,0,0,0.087831656,0,0.040256176,0,0,0,0,0,0,0,0,0,0,0,0.021043001,0,0,0,0,0,0,0,0,0,0,0,0,0,0,0,0,0,0,0,0,0,0,0,0,0,0,0,0,0,0,0,0,0,0,0,0,0,0,0,0,0,0.10978957,0,0,0,0,0,0,0,0,0,0,0,0,0,0,0,0,0,0,0,0,0,0,0,0,0,0.054894785,0,0,0,0,0,0,0,0,0,0,0,0,0,0,0,0,0,0,0,0,0,0,0,0,0,0,0,0,0,0,0,0,0,0,0,0,0,0,0,0,0,0,0,0,0,0,0,0,0,0,0,0,0,0,0,0,0,0,0,0,0,0,0,0,0,0,0,0,0,0,0,0,0,0,0,0,0,0,0,0,0,0
Healthy,0,0,0,0,0,0.044680368,0,0,0,0,0,0,0,0,0,0,0.461621437,0,0.001703191,0,0.001589645,0.003463154,0,0,0,0,0,0,0,0,0,0,0,0.002043829,0,0,0,0,0.010786874,0,0,0,0.007948223,0.001476099,0,0,0,0,0,0,0,0,0.002384467,0,0,0,0,0,0,0,0,0.000738049,0,0.001192233,0,0,0,0,0,0,0,0,0,0,0,0.000170319,0,0,0,0.000454184,0,0,0,0,0,0,0.042806858,0.014022936,0.025888498,0,0,0.001703191,0.004996026,0,0,0,0.014363574,0,0,0,0.003179289,0.017315772,0,0.002327694,0,0,0,0,0.00244124,0,0,0,0,0,0,0.010162371,0.001192233,0,0,0.002157375,0.001532872,0,0,0.01765641,0,0.002157375,0.002214148,0,0.003406381,0.00187351,0,0.019189281,0,0,0.003519927,0,0,0,0.001476099,0.041160441,0,0,0.043658454,0.002952197,0,0,0,0,0,0.008004996,0,0,0.004201204,0,0.005393437,0,0.007210174,0,0,0.005109572,0,0,0,0,0,0.000794822,0.020722153,0.001476099,0.023163393,0,0.010389463,0,0,0,0,0,0,0,0,0,0,0,0.001078687,0,0,0.000170319,0,0,0,0,0,0,0,0,0,0,0,0.00658567,0,0,0,0,0,0.000113546,0,0,0,0,0,0,0,0.000170319,0,0,0,0.0035767,0,0,0,0,0.023220166,0,0,0.000851595,0,0,0,0,0,0,0,0,0,0,0,0,0,0,0,0,0,0,0,0,0.000113546,0,0,0,0.054047916,0,0
Healthy,0.000358252,0,0,0,0,0.008180081,0,0,0,0.000358252,0,0,0,0,0,0,0.144972534,0.005314067,0,0,0,0,0,0,0,0,0,0,0,0,0,0,0,0.000656795,0,0,0,0,0.002089802,0,0,0,0.006149988,0,0,0,0,0,0.000656795,0,0,0,0,0.000656795,0,0,0,0,0,0,0,0.004358729,0,0,0,0,0,0,0,0,0,0,0,0,0,0,0,0,0,0,0,0,0,0,0,0,0.105146883,0.028481013,0.146823501,0,0,0,0,0.01689754,0.062514927,0,0,0,0,0,0.050573203,0.015524242,0,0.002806305,0,0,0,0,0,0,0,0,0,0,0,0,0,0,0,0.000179126,0,0,0,0.017673752,0,0.005254359,0,0,0.00865775,0.003642226,0,0.051349415,0,0,0,0,0,0,0.012956771,0,0,0,0.057081443,0,0,0,0,0,0,0,0,0,0.001253881,0,0.002209219,0,0.000895629,0,0,0,0,0,0,0,0.003582517,0,0,0,0.028361595,0,0,0,0,0,0,0,0,0,0,0,0,0,0.019226176,0,0,0,0,0,0,0,0,0,0.058812993,0.041557201,0,0,0,0,0,0.036302842,0,0,0,0,0,0,0,0,0,0,0,0,0,0,0,0.023107237,0.000238834,0,0,0,0.014330069,0,0,0.001850967,0,0,0,0,0,0,0,0,0,0,0.000119417,0,0,0,0,0,0,0,0,0,0,0,0,0,0.008836876,0,0
Healthy,0,0,0,0,0,0.028870013,0,0,0,0,0,0,0,0.001622447,0,0,0.116768467,0.001049819,0,0,0,0,0,0,0,0,0,0,0,0,0.001813323,0,0,0.000954381,0.016940256,0,0.00591716,0,0.000715785,0,0,0,0.001383852,0,0,0,0,0,0,0,0,0,0,0,0,0.001383852,0,0,0,0,0,0.008732583,0,0,0,0,0,0,0,0,0,0,0,0,0,0,0,0,0,0,0,0,0,0,0,0,0.021950754,0.01870586,0.044521855,0,0,0,0,0.004103837,0.044235541,0,0.003006299,0,0,0,0.041754152,0.002385952,0,0,0,0,0,0,0,0,0,0,0,0,0,0,0,0,0,0,0,0,0,0,0,0,0,0,0.005296812,0,0,0.02113953,0,0,0,0.026245467,0,0,0,0,0,0,0.009018897,0,0,0,0,0,0,0,0,0,0,0,0,0,0,0,0,0,0,0,0,0,0,0,0,0,0.001813323,0,0,0,0,0,0,0,0,0,0,0,0,0,0.002910861,0,0,0,0,0,0.001813323,0,0,0,0,0,0,0,0,0.147356366,0,0,0,0,0,0,0,0,0,0,0,0,0,0,0,0,0,0.006776102,0,0,0,0.322198893,0.081026914,0,0,0.007587326,0,0,0,0,0,0,0,0,0,0,0,0,0,0,0,0,0,0,0,0,0,0,0,0,0,0,0
Healthy,0,0,0,0,0,0.00982801,0,0.003011809,0,0.001109614,0,0,0,0,0,0,0.230324166,0.002536261,0,0,0.000792581,0,0,0,0,0,0.000713323,0,0,0,0,0,0,0.019259729,0,0,0,0,0.014187208,0,0,0,0.012919077,0,0,0,0,0,0,0,0,0,0,0,0,0,0,0.022350797,0,0,0,0.002853293,0.006895459,0,0,0.013632401,0,0,0,0,0,0,0,0,0,0,0,0,0,0,0,0,0,0,0.002536261,0,0.014345724,0.018150115,0.111119918,0,0.005389554,0.008797654,0,0.040183879,0.044226044,0,0.015296822,0,0.0034081,0.00554807,0.003011809,0,0.003883649,0.002457002,0,0,0,0,0,0,0,0,0,0,0,0.00982801,0,0,0,0,0,0,0,0.024887057,0,0,0,0.004359198,0,0.009510977,0,0,0,0,0,0.012126496,0,0,0,0,0,0,0.088055798,0,0,0,0,0,0,0.008480621,0,0,0.010462075,0,0,0.00467623,0.026313704,0,0,0.01323611,0,0,0,0,0,0,0,0,0.072679718,0.020131569,0,0,0,0,0,0,0,0,0,0,0,0,0,0,0,0.023460411,0,0,0,0,0,0,0,0,0,0,0,0.046683047,0,0,0,0,0,0,0,0,0,0,0,0,0,0,0,0,0,0.002060712,0,0,0,0.000396291,0,0.001426647,0,0.002457002,0,0,0,0,0,0,0,0,0,0,0,0,0,0,0,0,0,0,0,0,0,0,0,0,0,0,0
Healthy,0.00034626,0,0,0,0,0.005787495,0,0.002275425,0,0,0,0,0,0,0,0,0.479026514,0.003264741,0.001038781,0,0,0.003066878,0,0,0,0,0,0,0,0,0,0,0,0.002324891,0,0,0,0,0.017115156,0,0,0,0.002127028,0.000148397,0,0,0,0,0,0,0,0,0,0,0,0,0,0,0,0,0,0,0.001038781,0,0,0,0,0,0,0,0,0,0,0,0,0,0,0,0,0,0,0,0,0,0,0,0.008359715,0.014048279,0.029728928,0,0.009893154,0,0,0.013256826,0.018846458,0,0.016669964,0,0,0,0.004303522,0,0,0,0,0,0,0.001681836,0,0,0,0,0,0,0,0.026117926,0,0,0,0.003561535,0,0,0,0.006034824,0,0.002967946,0,0.002671152,0,0,0,0.017263554,0,0,0.000890384,0.001978631,0,0,0,0,0,0,0.131183221,0,0,0,0,0,0,0,0,0,0.003957262,0,0.00034626,0.002720617,0.006034824,0.008310249,0,0,0,0,0,0,0.004451919,0,0.003165809,0,0.020775623,0,0,0.000741987,0,0,0,0,0,0,0,0,0,0,0.007320934,0,0,0,0,0,0,0,0,0,0,0,0,0,0,0.012267511,0,0.017461417,0,0,0,0,0,0,0,0,0,0,0,0,0,0,0,0.001483973,0,0,0,0,0,0.013306292,0,0.069895133,0,0,0,0,0,0,0,0,0,0,0,0,0,0,0,0,0,0,0,0,0,0,0,0,0.000741987,0,0
Healthy,0,0,0,0,0,0.001409534,0,0.000961046,0,0,0,0,0,0,0,0,0.577972834,0.010379293,0.001345464,0.001986161,0,0.002370579,0,0,0,0,0,0,0,0,0.005958483,0,0,0.002754997,0,0,0,0,0.04170938,0,0,0,0.009674526,0,0,0,0,0,0,0,0,0,0,0,0,0,0,0.001665812,0,0,0,0,0,0,0,0,0,0,0,0,0,0,0,0,0,0,0,0,0,0,0,0,0,0,0,0,0.067401333,0,0.012685802,0,0,0.001153255,0,0.002690928,0.012813942,0,0.003780113,0,0,0,0.00666325,0.006278831,0,0,0,0,0,0,0,0,0,0,0,0,0,0,0,0,0,0,0,0,0,0.006022553,0,0,0,0,0,0.004164531,0,0.001986161,0,0,0,0,0,0,0,0,0,0,0.012813942,0,0,0,0,0,0,0.001729882,0,0,0.009161968,0,0,0,0.001922091,0,0,0,0,0,0,0,0,0,0,0.052793439,0.02421835,0,0,0,0,0,0,0,0,0,0,0,0,0,0.001217324,0,0,0,0,0,0,0,0,0,0.060994362,0,0,0,0,0.003844182,0.010571502,0,0,0,0,0,0,0,0,0,0,0,0,0,0,0,0,0.004741158,0,0,0,0.002883137,0.000768836,0.02851102,0,0,0,0,0,0,0,0,0,0,0,0,0,0,0,0,0,0,0,0,0,0,0,0,0,0,0,0,0
